mean_fit_time,std_fit_time,mean_score_time,std_score_time,param_activation,param_alpha,param_batch_size,param_hidden_layer_sizes,param_learning_rate,param_learning_rate_init,param_max_iter,param_solver,params,split0_test_accuracy,mean_test_accuracy,std_test_accuracy,rank_test_accuracy,split0_test_f1_weighted,mean_test_f1_weighted,std_test_f1_weighted,rank_test_f1_weighted,split0_test_precision_weighted,mean_test_precision_weighted,std_test_precision_weighted,rank_test_precision_weighted,split0_test_recall_weighted,mean_test_recall_weighted,std_test_recall_weighted,rank_test_recall_weighted
493.97004199028015,0.0,0.26067590713500977,0.0,relu,0.0001,128,"(64, 32)",constant,0.001,400,adam,"{'activation': 'relu', 'alpha': 0.0001, 'batch_size': 128, 'hidden_layer_sizes': (64, 32), 'learning_rate': 'constant', 'learning_rate_init': 0.001, 'max_iter': 400, 'solver': 'adam'}",0.7588410625054791,0.7588410625054791,0.0,48,0.7095959033789235,0.7095959033789235,0.0,56,0.7110539958627878,0.7110539958627878,0.0,50,0.7588410625054791,0.7588410625054791,0.0,48
1150.315899848938,0.0,0.3701651096343994,0.0,relu,0.0001,128,"(64, 32)",constant,0.001,400,sgd,"{'activation': 'relu', 'alpha': 0.0001, 'batch_size': 128, 'hidden_layer_sizes': (64, 32), 'learning_rate': 'constant', 'learning_rate_init': 0.001, 'max_iter': 400, 'solver': 'sgd'}",0.7279652844744455,0.7279652844744455,0.0,105,0.682366889123187,0.682366889123187,0.0,100,0.6825551480681292,0.6825551480681292,0.0,99,0.7279652844744455,0.7279652844744455,0.0,105
489.0821771621704,0.0,0.2805907726287842,0.0,relu,0.0001,128,"(64, 32)",adaptive,0.001,400,adam,"{'activation': 'relu', 'alpha': 0.0001, 'batch_size': 128, 'hidden_layer_sizes': (64, 32), 'learning_rate': 'adaptive', 'learning_rate_init': 0.001, 'max_iter': 400, 'solver': 'adam'}",0.7588410625054791,0.7588410625054791,0.0,48,0.7095959033789235,0.7095959033789235,0.0,56,0.7110539958627878,0.7110539958627878,0.0,50,0.7588410625054791,0.7588410625054791,0.0,48
1161.3844349384308,0.0,0.3894972801208496,0.0,relu,0.0001,128,"(64, 32)",adaptive,0.001,400,sgd,"{'activation': 'relu', 'alpha': 0.0001, 'batch_size': 128, 'hidden_layer_sizes': (64, 32), 'learning_rate': 'adaptive', 'learning_rate_init': 0.001, 'max_iter': 400, 'solver': 'sgd'}",0.7279652844744455,0.7279652844744455,0.0,105,0.682366889123187,0.682366889123187,0.0,100,0.6825551480681292,0.6825551480681292,0.0,99,0.7279652844744455,0.7279652844744455,0.0,105
1219.963418006897,0.0,0.6024148464202881,0.0,relu,0.0001,128,"(128, 64, 32)",constant,0.001,400,adam,"{'activation': 'relu', 'alpha': 0.0001, 'batch_size': 128, 'hidden_layer_sizes': (128, 64, 32), 'learning_rate': 'constant', 'learning_rate_init': 0.001, 'max_iter': 400, 'solver': 'adam'}",0.7670290172700973,0.7670290172700973,0.0,19,0.7198162139904412,0.7198162139904412,0.0,27,0.7201455706633523,0.7201455706633523,0.0,25,0.7670290172700973,0.7670290172700973,0.0,19
977.5461330413818,0.0,0.5988459587097168,0.0,relu,0.0001,128,"(128, 64, 32)",constant,0.001,400,sgd,"{'activation': 'relu', 'alpha': 0.0001, 'batch_size': 128, 'hidden_layer_sizes': (128, 64, 32), 'learning_rate': 'constant', 'learning_rate_init': 0.001, 'max_iter': 400, 'solver': 'sgd'}",0.738485140703077,0.738485140703077,0.0,89,0.6926034544309961,0.6926034544309961,0.0,84,0.6946214815913415,0.6946214815913415,0.0,87,0.738485140703077,0.738485140703077,0.0,89
1221.8198199272156,0.0,0.5976898670196533,0.0,relu,0.0001,128,"(128, 64, 32)",adaptive,0.001,400,adam,"{'activation': 'relu', 'alpha': 0.0001, 'batch_size': 128, 'hidden_layer_sizes': (128, 64, 32), 'learning_rate': 'adaptive', 'learning_rate_init': 0.001, 'max_iter': 400, 'solver': 'adam'}",0.7670290172700973,0.7670290172700973,0.0,19,0.7198162139904412,0.7198162139904412,0.0,27,0.7201455706633523,0.7201455706633523,0.0,25,0.7670290172700973,0.7670290172700973,0.0,19
2296.984930038452,0.0,0.574066162109375,0.0,relu,0.0001,128,"(128, 64, 32)",adaptive,0.001,400,sgd,"{'activation': 'relu', 'alpha': 0.0001, 'batch_size': 128, 'hidden_layer_sizes': (128, 64, 32), 'learning_rate': 'adaptive', 'learning_rate_init': 0.001, 'max_iter': 400, 'solver': 'sgd'}",0.7543876567020251,0.7543876567020251,0.0,64,0.7086907154114501,0.7086907154114501,0.0,60,0.708218071365477,0.708218071365477,0.0,58,0.7543876567020251,0.7543876567020251,0.0,64
407.9741051197052,0.0,0.1805577278137207,0.0,relu,0.0001,128,"(32, 16, 16, 8, 8, 4)",constant,0.001,400,adam,"{'activation': 'relu', 'alpha': 0.0001, 'batch_size': 128, 'hidden_layer_sizes': (32, 16, 16, 8, 8, 4), 'learning_rate': 'constant', 'learning_rate_init': 0.001, 'max_iter': 400, 'solver': 'adam'}",0.7492416936968528,0.7492416936968528,0.0,71,0.6960684730301584,0.6960684730301584,0.0,78,0.6958588523672571,0.6958588523672571,0.0,81,0.7492416936968528,0.7492416936968528,0.0,71
330.0716059207916,0.0,0.2422652244567871,0.0,relu,0.0001,128,"(32, 16, 16, 8, 8, 4)",constant,0.001,400,sgd,"{'activation': 'relu', 'alpha': 0.0001, 'batch_size': 128, 'hidden_layer_sizes': (32, 16, 16, 8, 8, 4), 'learning_rate': 'constant', 'learning_rate_init': 0.001, 'max_iter': 400, 'solver': 'sgd'}",0.7019374068554396,0.7019374068554396,0.0,119,0.6478114262048693,0.6478114262048693,0.0,120,0.6386167645504557,0.6386167645504557,0.0,117,0.7019374068554396,0.7019374068554396,0.0,119
605.373715877533,0.0,0.20548105239868164,0.0,relu,0.0001,128,"(32, 16, 16, 8, 8, 4)",adaptive,0.001,400,adam,"{'activation': 'relu', 'alpha': 0.0001, 'batch_size': 128, 'hidden_layer_sizes': (32, 16, 16, 8, 8, 4), 'learning_rate': 'adaptive', 'learning_rate_init': 0.001, 'max_iter': 400, 'solver': 'adam'}",0.7492416936968528,0.7492416936968528,0.0,71,0.6960684730301584,0.6960684730301584,0.0,78,0.6958588523672571,0.6958588523672571,0.0,81,0.7492416936968528,0.7492416936968528,0.0,71
787.308913230896,0.0,0.22327566146850586,0.0,relu,0.0001,128,"(32, 16, 16, 8, 8, 4)",adaptive,0.001,400,sgd,"{'activation': 'relu', 'alpha': 0.0001, 'batch_size': 128, 'hidden_layer_sizes': (32, 16, 16, 8, 8, 4), 'learning_rate': 'adaptive', 'learning_rate_init': 0.001, 'max_iter': 400, 'solver': 'sgd'}",0.7125712281932147,0.7125712281932147,0.0,116,0.6604851074609129,0.6604851074609129,0.0,116,0.6557595123624289,0.6557595123624289,0.0,115,0.7125712281932147,0.7125712281932147,0.0,116
1035.436457157135,0.0,0.3575279712677002,0.0,relu,0.0001,128,"(64, 32, 16, 8)",constant,0.001,400,adam,"{'activation': 'relu', 'alpha': 0.0001, 'batch_size': 128, 'hidden_layer_sizes': (64, 32, 16, 8), 'learning_rate': 'constant', 'learning_rate_init': 0.001, 'max_iter': 400, 'solver': 'adam'}",0.7642237222757956,0.7642237222757956,0.0,35,0.7191674225217056,0.7191674225217056,0.0,31,0.7159138892275697,0.7159138892275697,0.0,33,0.7642237222757956,0.7642237222757956,0.0,35
711.4248976707458,0.0,0.42472314834594727,0.0,relu,0.0001,128,"(64, 32, 16, 8)",constant,0.001,400,sgd,"{'activation': 'relu', 'alpha': 0.0001, 'batch_size': 128, 'hidden_layer_sizes': (64, 32, 16, 8), 'learning_rate': 'constant', 'learning_rate_init': 0.001, 'max_iter': 400, 'solver': 'sgd'}",0.7349171561321995,0.7349171561321995,0.0,93,0.6812179159828795,0.6812179159828795,0.0,103,0.6883721696694836,0.6883721696694836,0.0,93,0.7349171561321995,0.7349171561321995,0.0,93
781.3258159160614,0.0,0.3066422939300537,0.0,relu,0.0001,128,"(64, 32, 16, 8)",adaptive,0.001,400,adam,"{'activation': 'relu', 'alpha': 0.0001, 'batch_size': 128, 'hidden_layer_sizes': (64, 32, 16, 8), 'learning_rate': 'adaptive', 'learning_rate_init': 0.001, 'max_iter': 400, 'solver': 'adam'}",0.7642237222757956,0.7642237222757956,0.0,35,0.7191674225217056,0.7191674225217056,0.0,31,0.7159138892275697,0.7159138892275697,0.0,33,0.7642237222757956,0.7642237222757956,0.0,35
1182.5357737541199,0.0,0.34004831314086914,0.0,relu,0.0001,128,"(64, 32, 16, 8)",adaptive,0.001,400,sgd,"{'activation': 'relu', 'alpha': 0.0001, 'batch_size': 128, 'hidden_layer_sizes': (64, 32, 16, 8), 'learning_rate': 'adaptive', 'learning_rate_init': 0.001, 'max_iter': 400, 'solver': 'sgd'}",0.7481458753397037,0.7481458753397037,0.0,75,0.6988330858090988,0.6988330858090988,0.0,73,0.6966664743547062,0.6966664743547062,0.0,78,0.7481458753397037,0.7481458753397037,0.0,75
7192.321569919586,0.0,1.5784368515014648,0.0,relu,0.0001,128,"(256, 128, 64)",constant,0.001,400,adam,"{'activation': 'relu', 'alpha': 0.0001, 'batch_size': 128, 'hidden_layer_sizes': (256, 128, 64), 'learning_rate': 'constant', 'learning_rate_init': 0.001, 'max_iter': 400, 'solver': 'adam'}",0.7687297273603927,0.7687297273603927,0.0,13,0.7260225358592041,0.7260225358592041,0.0,11,0.722643609625842,0.722643609625842,0.0,17,0.7687297273603927,0.7687297273603927,0.0,13
2535.659965991974,0.0,1.1840298175811768,0.0,relu,0.0001,128,"(256, 128, 64)",constant,0.001,400,sgd,"{'activation': 'relu', 'alpha': 0.0001, 'batch_size': 128, 'hidden_layer_sizes': (256, 128, 64), 'learning_rate': 'constant', 'learning_rate_init': 0.001, 'max_iter': 400, 'solver': 'sgd'}",0.7278250197247305,0.7278250197247305,0.0,107,0.6912764227254558,0.6912764227254558,0.0,87,0.6889458625731523,0.6889458625731523,0.0,92,0.7278250197247305,0.7278250197247305,0.0,107
7204.750692844391,0.0,1.1711349487304688,0.0,relu,0.0001,128,"(256, 128, 64)",adaptive,0.001,400,adam,"{'activation': 'relu', 'alpha': 0.0001, 'batch_size': 128, 'hidden_layer_sizes': (256, 128, 64), 'learning_rate': 'adaptive', 'learning_rate_init': 0.001, 'max_iter': 400, 'solver': 'adam'}",0.7687297273603927,0.7687297273603927,0.0,13,0.7260225358592041,0.7260225358592041,0.0,11,0.722643609625842,0.722643609625842,0.0,17,0.7687297273603927,0.7687297273603927,0.0,13
7839.929433107376,0.0,1.2603509426116943,0.0,relu,0.0001,128,"(256, 128, 64)",adaptive,0.001,400,sgd,"{'activation': 'relu', 'alpha': 0.0001, 'batch_size': 128, 'hidden_layer_sizes': (256, 128, 64), 'learning_rate': 'adaptive', 'learning_rate_init': 0.001, 'max_iter': 400, 'solver': 'sgd'}",0.7608135355483475,0.7608135355483475,0.0,39,0.7173186684027446,0.7173186684027446,0.0,37,0.7157938212499899,0.7157938212499899,0.0,35,0.7608135355483475,0.7608135355483475,0.0,39
491.5216338634491,0.0,0.3110811710357666,0.0,relu,0.0001,200,"(64, 32)",constant,0.001,400,adam,"{'activation': 'relu', 'alpha': 0.0001, 'batch_size': 200, 'hidden_layer_sizes': (64, 32), 'learning_rate': 'constant', 'learning_rate_init': 0.001, 'max_iter': 400, 'solver': 'adam'}",0.760471640220917,0.760471640220917,0.0,40,0.7179274529350459,0.7179274529350459,0.0,33,0.7118667193296655,0.7118667193296655,0.0,46,0.760471640220917,0.760471640220917,0.0,40
770.5337312221527,0.0,0.6135597229003906,0.0,relu,0.0001,200,"(64, 32)",constant,0.001,400,sgd,"{'activation': 'relu', 'alpha': 0.0001, 'batch_size': 200, 'hidden_layer_sizes': (64, 32), 'learning_rate': 'constant', 'learning_rate_init': 0.001, 'max_iter': 400, 'solver': 'sgd'}",0.733347944244762,0.733347944244762,0.0,96,0.6847384174113623,0.6847384174113623,0.0,97,0.6825277777152089,0.6825277777152089,0.0,101,0.733347944244762,0.733347944244762,0.0,96
486.2120020389557,0.0,0.26314592361450195,0.0,relu,0.0001,200,"(64, 32)",adaptive,0.001,400,adam,"{'activation': 'relu', 'alpha': 0.0001, 'batch_size': 200, 'hidden_layer_sizes': (64, 32), 'learning_rate': 'adaptive', 'learning_rate_init': 0.001, 'max_iter': 400, 'solver': 'adam'}",0.760471640220917,0.760471640220917,0.0,40,0.7179274529350459,0.7179274529350459,0.0,33,0.7118667193296655,0.7118667193296655,0.0,46,0.760471640220917,0.760471640220917,0.0,40
763.6536400318146,0.0,0.32173800468444824,0.0,relu,0.0001,200,"(64, 32)",adaptive,0.001,400,sgd,"{'activation': 'relu', 'alpha': 0.0001, 'batch_size': 200, 'hidden_layer_sizes': (64, 32), 'learning_rate': 'adaptive', 'learning_rate_init': 0.001, 'max_iter': 400, 'solver': 'sgd'}",0.733347944244762,0.733347944244762,0.0,96,0.6847384174113623,0.6847384174113623,0.0,97,0.6825277777152089,0.6825277777152089,0.0,101,0.733347944244762,0.733347944244762,0.0,96
1733.265280008316,0.0,0.538870096206665,0.0,relu,0.0001,200,"(128, 64, 32)",constant,0.001,400,adam,"{'activation': 'relu', 'alpha': 0.0001, 'batch_size': 200, 'hidden_layer_sizes': (128, 64, 32), 'learning_rate': 'constant', 'learning_rate_init': 0.001, 'max_iter': 400, 'solver': 'adam'}",0.7703077057946874,0.7703077057946874,0.0,7,0.725710034597339,0.725710034597339,0.0,13,0.7229194467654005,0.7229194467654005,0.0,15,0.7703077057946874,0.7703077057946874,0.0,7
819.5382490158081,0.0,0.7449960708618164,0.0,relu,0.0001,200,"(128, 64, 32)",constant,0.001,400,sgd,"{'activation': 'relu', 'alpha': 0.0001, 'batch_size': 200, 'hidden_layer_sizes': (128, 64, 32), 'learning_rate': 'constant', 'learning_rate_init': 0.001, 'max_iter': 400, 'solver': 'sgd'}",0.7343999298676251,0.7343999298676251,0.0,95,0.6884141521864359,0.6884141521864359,0.0,93,0.6878364194255188,0.6878364194255188,0.0,94,0.7343999298676251,0.7343999298676251,0.0,95
1716.2170519828796,0.0,0.7495942115783691,0.0,relu,0.0001,200,"(128, 64, 32)",adaptive,0.001,400,adam,"{'activation': 'relu', 'alpha': 0.0001, 'batch_size': 200, 'hidden_layer_sizes': (128, 64, 32), 'learning_rate': 'adaptive', 'learning_rate_init': 0.001, 'max_iter': 400, 'solver': 'adam'}",0.7703077057946874,0.7703077057946874,0.0,7,0.725710034597339,0.725710034597339,0.0,13,0.7229194467654005,0.7229194467654005,0.0,15,0.7703077057946874,0.7703077057946874,0.0,7
1813.5411229133606,0.0,0.5203309059143066,0.0,relu,0.0001,200,"(128, 64, 32)",adaptive,0.001,400,sgd,"{'activation': 'relu', 'alpha': 0.0001, 'batch_size': 200, 'hidden_layer_sizes': (128, 64, 32), 'learning_rate': 'adaptive', 'learning_rate_init': 0.001, 'max_iter': 400, 'solver': 'sgd'}",0.7520732883317262,0.7520732883317262,0.0,68,0.7060161290693975,0.7060161290693975,0.0,64,0.7042881565677273,0.7042881565677273,0.0,63,0.7520732883317262,0.7520732883317262,0.0,68
703.3628251552582,0.0,0.21538567543029785,0.0,relu,0.0001,200,"(32, 16, 16, 8, 8, 4)",constant,0.001,400,adam,"{'activation': 'relu', 'alpha': 0.0001, 'batch_size': 200, 'hidden_layer_sizes': (32, 16, 16, 8, 8, 4), 'learning_rate': 'constant', 'learning_rate_init': 0.001, 'max_iter': 400, 'solver': 'adam'}",0.7578855088980451,0.7578855088980451,0.0,53,0.7093809897757432,0.7093809897757432,0.0,58,0.7047845869205815,0.7047845869205815,0.0,60,0.7578855088980451,0.7578855088980451,0.0,53
335.85766887664795,0.0,0.2140500545501709,0.0,relu,0.0001,200,"(32, 16, 16, 8, 8, 4)",constant,0.001,400,sgd,"{'activation': 'relu', 'alpha': 0.0001, 'batch_size': 200, 'hidden_layer_sizes': (32, 16, 16, 8, 8, 4), 'learning_rate': 'constant', 'learning_rate_init': 0.001, 'max_iter': 400, 'solver': 'sgd'}",0.7144911019549399,0.7144911019549399,0.0,115,0.6589330107040817,0.6589330107040817,0.0,117,0.6327712130634979,0.6327712130634979,0.0,118,0.7144911019549399,0.7144911019549399,0.0,115
682.0083389282227,0.0,0.21180295944213867,0.0,relu,0.0001,200,"(32, 16, 16, 8, 8, 4)",adaptive,0.001,400,adam,"{'activation': 'relu', 'alpha': 0.0001, 'batch_size': 200, 'hidden_layer_sizes': (32, 16, 16, 8, 8, 4), 'learning_rate': 'adaptive', 'learning_rate_init': 0.001, 'max_iter': 400, 'solver': 'adam'}",0.7578855088980451,0.7578855088980451,0.0,53,0.7093809897757432,0.7093809897757432,0.0,58,0.7047845869205815,0.7047845869205815,0.0,60,0.7578855088980451,0.7578855088980451,0.0,53
451.6287169456482,0.0,0.21779203414916992,0.0,relu,0.0001,200,"(32, 16, 16, 8, 8, 4)",adaptive,0.001,400,sgd,"{'activation': 'relu', 'alpha': 0.0001, 'batch_size': 200, 'hidden_layer_sizes': (32, 16, 16, 8, 8, 4), 'learning_rate': 'adaptive', 'learning_rate_init': 0.001, 'max_iter': 400, 'solver': 'sgd'}",0.718585079337249,0.718585079337249,0.0,112,0.6628415692338006,0.6628415692338006,0.0,114,0.6264278402166971,0.6264278402166971,0.0,120,0.718585079337249,0.718585079337249,0.0,112
748.0127999782562,0.0,0.27178215980529785,0.0,relu,0.0001,200,"(64, 32, 16, 8)",constant,0.001,400,adam,"{'activation': 'relu', 'alpha': 0.0001, 'batch_size': 200, 'hidden_layer_sizes': (64, 32, 16, 8), 'learning_rate': 'constant', 'learning_rate_init': 0.001, 'max_iter': 400, 'solver': 'adam'}",0.7657754010695187,0.7657754010695187,0.0,31,0.7167009452729391,0.7167009452729391,0.0,42,0.7155811881630741,0.7155811881630741,0.0,36,0.7657754010695187,0.7657754010695187,0.0,31
422.6448481082916,0.0,0.27339696884155273,0.0,relu,0.0001,200,"(64, 32, 16, 8)",constant,0.001,400,sgd,"{'activation': 'relu', 'alpha': 0.0001, 'batch_size': 200, 'hidden_layer_sizes': (64, 32, 16, 8), 'learning_rate': 'constant', 'learning_rate_init': 0.001, 'max_iter': 400, 'solver': 'sgd'}",0.7280880161304463,0.7280880161304463,0.0,104,0.6725673946318553,0.6725673946318553,0.0,110,0.6754396310945088,0.6754396310945088,0.0,108,0.7280880161304463,0.7280880161304463,0.0,104
739.4756858348846,0.0,0.2935628890991211,0.0,relu,0.0001,200,"(64, 32, 16, 8)",adaptive,0.001,400,adam,"{'activation': 'relu', 'alpha': 0.0001, 'batch_size': 200, 'hidden_layer_sizes': (64, 32, 16, 8), 'learning_rate': 'adaptive', 'learning_rate_init': 0.001, 'max_iter': 400, 'solver': 'adam'}",0.7657754010695187,0.7657754010695187,0.0,31,0.7167009452729391,0.7167009452729391,0.0,42,0.7155811881630741,0.7155811881630741,0.0,36,0.7657754010695187,0.7657754010695187,0.0,31
965.4701421260834,0.0,0.3014490604400635,0.0,relu,0.0001,200,"(64, 32, 16, 8)",adaptive,0.001,400,sgd,"{'activation': 'relu', 'alpha': 0.0001, 'batch_size': 200, 'hidden_layer_sizes': (64, 32, 16, 8), 'learning_rate': 'adaptive', 'learning_rate_init': 0.001, 'max_iter': 400, 'solver': 'sgd'}",0.7447795213465416,0.7447795213465416,0.0,78,0.6931739879790222,0.6931739879790222,0.0,83,0.6976050648366301,0.6976050648366301,0.0,73,0.7447795213465416,0.7447795213465416,0.0,78
5926.383512973785,0.0,1.9506738185882568,0.0,relu,0.0001,200,"(256, 128, 64)",constant,0.001,400,adam,"{'activation': 'relu', 'alpha': 0.0001, 'batch_size': 200, 'hidden_layer_sizes': (256, 128, 64), 'learning_rate': 'constant', 'learning_rate_init': 0.001, 'max_iter': 400, 'solver': 'adam'}",0.7626895765757868,0.7626895765757868,0.0,37,0.724063028337064,0.724063028337064,0.0,17,0.7169629797792063,0.7169629797792063,0.0,31,0.7626895765757868,0.7626895765757868,0.0,37
1334.091190814972,0.0,1.4927241802215576,0.0,relu,0.0001,200,"(256, 128, 64)",constant,0.001,400,sgd,"{'activation': 'relu', 'alpha': 0.0001, 'batch_size': 200, 'hidden_layer_sizes': (256, 128, 64), 'learning_rate': 'constant', 'learning_rate_init': 0.001, 'max_iter': 400, 'solver': 'sgd'}",0.7351801525379154,0.7351801525379154,0.0,92,0.6871462566576322,0.6871462566576322,0.0,95,0.687576350372578,0.687576350372578,0.0,95,0.7351801525379154,0.7351801525379154,0.0,92
5927.486000776291,0.0,1.5423049926757812,0.0,relu,0.0001,200,"(256, 128, 64)",adaptive,0.001,400,adam,"{'activation': 'relu', 'alpha': 0.0001, 'batch_size': 200, 'hidden_layer_sizes': (256, 128, 64), 'learning_rate': 'adaptive', 'learning_rate_init': 0.001, 'max_iter': 400, 'solver': 'adam'}",0.7626895765757868,0.7626895765757868,0.0,37,0.724063028337064,0.724063028337064,0.0,17,0.7169629797792063,0.7169629797792063,0.0,31,0.7626895765757868,0.7626895765757868,0.0,37
7401.604202985764,0.0,1.6368582248687744,0.0,relu,0.0001,200,"(256, 128, 64)",adaptive,0.001,400,sgd,"{'activation': 'relu', 'alpha': 0.0001, 'batch_size': 200, 'hidden_layer_sizes': (256, 128, 64), 'learning_rate': 'adaptive', 'learning_rate_init': 0.001, 'max_iter': 400, 'solver': 'sgd'}",0.7503550451477163,0.7503550451477163,0.0,70,0.7065280730738895,0.7065280730738895,0.0,63,0.7009277530350211,0.7009277530350211,0.0,72,0.7503550451477163,0.7503550451477163,0.0,70
717.7606229782104,0.0,0.2987351417541504,0.0,relu,0.001,128,"(64, 32)",constant,0.001,400,adam,"{'activation': 'relu', 'alpha': 0.001, 'batch_size': 128, 'hidden_layer_sizes': (64, 32), 'learning_rate': 'constant', 'learning_rate_init': 0.001, 'max_iter': 400, 'solver': 'adam'}",0.758928727974051,0.758928727974051,0.0,46,0.7170714804902905,0.7170714804902905,0.0,40,0.7127598704834177,0.7127598704834177,0.0,44,0.758928727974051,0.758928727974051,0.0,46
919.5655488967896,0.0,0.3664438724517822,0.0,relu,0.001,128,"(64, 32)",constant,0.001,400,sgd,"{'activation': 'relu', 'alpha': 0.001, 'batch_size': 128, 'hidden_layer_sizes': (64, 32), 'learning_rate': 'constant', 'learning_rate_init': 0.001, 'max_iter': 400, 'solver': 'sgd'}",0.7386254054527921,0.7386254054527921,0.0,87,0.6891855786713893,0.6891855786713893,0.0,91,0.6915298815634574,0.6915298815634574,0.0,90,0.7386254054527921,0.7386254054527921,0.0,87
738.3232228755951,0.0,0.3362860679626465,0.0,relu,0.001,128,"(64, 32)",adaptive,0.001,400,adam,"{'activation': 'relu', 'alpha': 0.001, 'batch_size': 128, 'hidden_layer_sizes': (64, 32), 'learning_rate': 'adaptive', 'learning_rate_init': 0.001, 'max_iter': 400, 'solver': 'adam'}",0.758928727974051,0.758928727974051,0.0,46,0.7170714804902905,0.7170714804902905,0.0,40,0.7127598704834177,0.7127598704834177,0.0,44,0.758928727974051,0.758928727974051,0.0,46
3543.838803052902,0.0,0.24544095993041992,0.0,relu,0.001,128,"(64, 32)",adaptive,0.001,400,sgd,"{'activation': 'relu', 'alpha': 0.001, 'batch_size': 128, 'hidden_layer_sizes': (64, 32), 'learning_rate': 'adaptive', 'learning_rate_init': 0.001, 'max_iter': 400, 'solver': 'sgd'}",0.7386254054527921,0.7386254054527921,0.0,87,0.6891855786713893,0.6891855786713893,0.0,91,0.6915298815634574,0.6915298815634574,0.0,90,0.7386254054527921,0.7386254054527921,0.0,87
3931.4692652225494,0.0,0.6186728477478027,0.0,relu,0.001,128,"(128, 64, 32)",constant,0.001,400,adam,"{'activation': 'relu', 'alpha': 0.001, 'batch_size': 128, 'hidden_layer_sizes': (128, 64, 32), 'learning_rate': 'constant', 'learning_rate_init': 0.001, 'max_iter': 400, 'solver': 'adam'}",0.7670640834575261,0.7670640834575261,0.0,17,0.725330996909597,0.725330996909597,0.0,15,0.7219316043927453,0.7219316043927453,0.0,19,0.7670640834575261,0.7670640834575261,0.0,17
3342.270341873169,0.0,0.4882850646972656,0.0,relu,0.001,128,"(128, 64, 32)",constant,0.001,400,sgd,"{'activation': 'relu', 'alpha': 0.001, 'batch_size': 128, 'hidden_layer_sizes': (128, 64, 32), 'learning_rate': 'constant', 'learning_rate_init': 0.001, 'max_iter': 400, 'solver': 'sgd'}",0.7113789778206364,0.7113789778206364,0.0,117,0.6623572889574748,0.6623572889574748,0.0,115,0.6718654447226486,0.6718654447226486,0.0,110,0.7113789778206364,0.7113789778206364,0.0,117
3927.3822798728943,0.0,0.7378549575805664,0.0,relu,0.001,128,"(128, 64, 32)",adaptive,0.001,400,adam,"{'activation': 'relu', 'alpha': 0.001, 'batch_size': 128, 'hidden_layer_sizes': (128, 64, 32), 'learning_rate': 'adaptive', 'learning_rate_init': 0.001, 'max_iter': 400, 'solver': 'adam'}",0.7670640834575261,0.7670640834575261,0.0,17,0.725330996909597,0.725330996909597,0.0,15,0.7219316043927453,0.7219316043927453,0.0,19,0.7670640834575261,0.7670640834575261,0.0,17
2022.039734840393,0.0,0.4915931224822998,0.0,relu,0.001,128,"(128, 64, 32)",adaptive,0.001,400,sgd,"{'activation': 'relu', 'alpha': 0.001, 'batch_size': 128, 'hidden_layer_sizes': (128, 64, 32), 'learning_rate': 'adaptive', 'learning_rate_init': 0.001, 'max_iter': 400, 'solver': 'sgd'}",0.7539405628123083,0.7539405628123083,0.0,65,0.7086898279350132,0.7086898279350132,0.0,61,0.708832461355775,0.708832461355775,0.0,57,0.7539405628123083,0.7539405628123083,0.0,65
1094.6015617847443,0.0,0.39640092849731445,0.0,relu,0.001,128,"(32, 16, 16, 8, 8, 4)",constant,0.001,400,adam,"{'activation': 'relu', 'alpha': 0.001, 'batch_size': 128, 'hidden_layer_sizes': (32, 16, 16, 8, 8, 4), 'learning_rate': 'constant', 'learning_rate_init': 0.001, 'max_iter': 400, 'solver': 'adam'}",0.7657841676163759,0.7657841676163759,0.0,29,0.7170990049879776,0.7170990049879776,0.0,38,0.7134392189823621,0.7134392189823621,0.0,39,0.7657841676163759,0.7657841676163759,0.0,29
474.4030930995941,0.0,0.24458909034729004,0.0,relu,0.001,128,"(32, 16, 16, 8, 8, 4)",constant,0.001,400,sgd,"{'activation': 'relu', 'alpha': 0.001, 'batch_size': 128, 'hidden_layer_sizes': (32, 16, 16, 8, 8, 4), 'learning_rate': 'constant', 'learning_rate_init': 0.001, 'max_iter': 400, 'solver': 'sgd'}",0.7277198211624442,0.7277198211624442,0.0,108,0.6731246769383111,0.6731246769383111,0.0,109,0.6602098387944737,0.6602098387944737,0.0,114,0.7277198211624442,0.7277198211624442,0.0,108
1106.1430988311768,0.0,0.19998407363891602,0.0,relu,0.001,128,"(32, 16, 16, 8, 8, 4)",adaptive,0.001,400,adam,"{'activation': 'relu', 'alpha': 0.001, 'batch_size': 128, 'hidden_layer_sizes': (32, 16, 16, 8, 8, 4), 'learning_rate': 'adaptive', 'learning_rate_init': 0.001, 'max_iter': 400, 'solver': 'adam'}",0.7657841676163759,0.7657841676163759,0.0,29,0.7170990049879776,0.7170990049879776,0.0,38,0.7134392189823621,0.7134392189823621,0.0,39,0.7657841676163759,0.7657841676163759,0.0,29
1217.1065621376038,0.0,0.2687199115753174,0.0,relu,0.001,128,"(32, 16, 16, 8, 8, 4)",adaptive,0.001,400,sgd,"{'activation': 'relu', 'alpha': 0.001, 'batch_size': 128, 'hidden_layer_sizes': (32, 16, 16, 8, 8, 4), 'learning_rate': 'adaptive', 'learning_rate_init': 0.001, 'max_iter': 400, 'solver': 'sgd'}",0.7551766459191724,0.7551766459191724,0.0,61,0.701471234872951,0.701471234872951,0.0,71,0.6954589646131933,0.6954589646131933,0.0,85,0.7551766459191724,0.7551766459191724,0.0,61
932.6378848552704,0.0,0.39056992530822754,0.0,relu,0.001,128,"(64, 32, 16, 8)",constant,0.001,400,adam,"{'activation': 'relu', 'alpha': 0.001, 'batch_size': 128, 'hidden_layer_sizes': (64, 32, 16, 8), 'learning_rate': 'constant', 'learning_rate_init': 0.001, 'max_iter': 400, 'solver': 'adam'}",0.771920750416411,0.771920750416411,0.0,3,0.72608891637201,0.72608891637201,0.0,9,0.7260115044463608,0.7260115044463608,0.0,5,0.771920750416411,0.771920750416411,0.0,3
422.6352279186249,0.0,0.31670498847961426,0.0,relu,0.001,128,"(64, 32, 16, 8)",constant,0.001,400,sgd,"{'activation': 'relu', 'alpha': 0.001, 'batch_size': 128, 'hidden_layer_sizes': (64, 32, 16, 8), 'learning_rate': 'constant', 'learning_rate_init': 0.001, 'max_iter': 400, 'solver': 'sgd'}",0.7330148154641887,0.7330148154641887,0.0,98,0.689231985226236,0.689231985226236,0.0,90,0.6811305604773126,0.6811305604773126,0.0,103,0.7330148154641887,0.7330148154641887,0.0,98
938.7075369358063,0.0,0.2925701141357422,0.0,relu,0.001,128,"(64, 32, 16, 8)",adaptive,0.001,400,adam,"{'activation': 'relu', 'alpha': 0.001, 'batch_size': 128, 'hidden_layer_sizes': (64, 32, 16, 8), 'learning_rate': 'adaptive', 'learning_rate_init': 0.001, 'max_iter': 400, 'solver': 'adam'}",0.771920750416411,0.771920750416411,0.0,3,0.72608891637201,0.72608891637201,0.0,9,0.7260115044463608,0.7260115044463608,0.0,5,0.771920750416411,0.771920750416411,0.0,3
1208.5496320724487,0.0,0.49037885665893555,0.0,relu,0.001,128,"(64, 32, 16, 8)",adaptive,0.001,400,sgd,"{'activation': 'relu', 'alpha': 0.001, 'batch_size': 128, 'hidden_layer_sizes': (64, 32, 16, 8), 'learning_rate': 'adaptive', 'learning_rate_init': 0.001, 'max_iter': 400, 'solver': 'sgd'}",0.7489611641974226,0.7489611641974226,0.0,73,0.7004044773735657,0.7004044773735657,0.0,72,0.7018608809221845,0.7018608809221845,0.0,69,0.7489611641974226,0.7489611641974226,0.0,73
5547.23766708374,0.0,1.4740509986877441,0.0,relu,0.001,128,"(256, 128, 64)",constant,0.001,400,adam,"{'activation': 'relu', 'alpha': 0.001, 'batch_size': 128, 'hidden_layer_sizes': (256, 128, 64), 'learning_rate': 'constant', 'learning_rate_init': 0.001, 'max_iter': 400, 'solver': 'adam'}",0.771333391776979,0.771333391776979,0.0,5,0.7280645835503866,0.7280645835503866,0.0,5,0.7286046937513849,0.7286046937513849,0.0,3,0.771333391776979,0.771333391776979,0.0,5
5005.376936912537,0.0,1.6431832313537598,0.0,relu,0.001,128,"(256, 128, 64)",constant,0.001,400,sgd,"{'activation': 'relu', 'alpha': 0.001, 'batch_size': 128, 'hidden_layer_sizes': (256, 128, 64), 'learning_rate': 'constant', 'learning_rate_init': 0.001, 'max_iter': 400, 'solver': 'sgd'}",0.7476900149031297,0.7476900149031297,0.0,76,0.7050037132727408,0.7050037132727408,0.0,65,0.7020217657228232,0.7020217657228232,0.0,68,0.7476900149031297,0.7476900149031297,0.0,76
5535.854896783829,0.0,1.3109068870544434,0.0,relu,0.001,128,"(256, 128, 64)",adaptive,0.001,400,adam,"{'activation': 'relu', 'alpha': 0.001, 'batch_size': 128, 'hidden_layer_sizes': (256, 128, 64), 'learning_rate': 'adaptive', 'learning_rate_init': 0.001, 'max_iter': 400, 'solver': 'adam'}",0.771333391776979,0.771333391776979,0.0,5,0.7280645835503866,0.7280645835503866,0.0,5,0.7286046937513849,0.7286046937513849,0.0,3,0.771333391776979,0.771333391776979,0.0,5
7446.072371006012,0.0,1.324110984802246,0.0,relu,0.001,128,"(256, 128, 64)",adaptive,0.001,400,sgd,"{'activation': 'relu', 'alpha': 0.001, 'batch_size': 128, 'hidden_layer_sizes': (256, 128, 64), 'learning_rate': 'adaptive', 'learning_rate_init': 0.001, 'max_iter': 400, 'solver': 'sgd'}",0.7585605330060489,0.7585605330060489,0.0,50,0.7163896170162831,0.7163896170162831,0.0,44,0.713913269802483,0.713913269802483,0.0,38,0.7585605330060489,0.7585605330060489,0.0,50
422.7622480392456,0.0,0.2291569709777832,0.0,relu,0.001,200,"(64, 32)",constant,0.001,400,adam,"{'activation': 'relu', 'alpha': 0.001, 'batch_size': 200, 'hidden_layer_sizes': (64, 32), 'learning_rate': 'constant', 'learning_rate_init': 0.001, 'max_iter': 400, 'solver': 'adam'}",0.7579205750854738,0.7579205750854738,0.0,51,0.7129024987518262,0.7129024987518262,0.0,48,0.711061778233191,0.711061778233191,0.0,48,0.7579205750854738,0.7579205750854738,0.0,51
723.5003881454468,0.0,0.27895593643188477,0.0,relu,0.001,200,"(64, 32)",constant,0.001,400,sgd,"{'activation': 'relu', 'alpha': 0.001, 'batch_size': 200, 'hidden_layer_sizes': (64, 32), 'learning_rate': 'constant', 'learning_rate_init': 0.001, 'max_iter': 400, 'solver': 'sgd'}",0.7272201279915841,0.7272201279915841,0.0,109,0.6794093371604465,0.6794093371604465,0.0,104,0.6809738671954761,0.6809738671954761,0.0,104,0.7272201279915841,0.7272201279915841,0.0,109
415.38104486465454,0.0,0.26052212715148926,0.0,relu,0.001,200,"(64, 32)",adaptive,0.001,400,adam,"{'activation': 'relu', 'alpha': 0.001, 'batch_size': 200, 'hidden_layer_sizes': (64, 32), 'learning_rate': 'adaptive', 'learning_rate_init': 0.001, 'max_iter': 400, 'solver': 'adam'}",0.7579205750854738,0.7579205750854738,0.0,51,0.7129024987518262,0.7129024987518262,0.0,48,0.711061778233191,0.711061778233191,0.0,48,0.7579205750854738,0.7579205750854738,0.0,51
703.1601300239563,0.0,0.22602176666259766,0.0,relu,0.001,200,"(64, 32)",adaptive,0.001,400,sgd,"{'activation': 'relu', 'alpha': 0.001, 'batch_size': 200, 'hidden_layer_sizes': (64, 32), 'learning_rate': 'adaptive', 'learning_rate_init': 0.001, 'max_iter': 400, 'solver': 'sgd'}",0.7272201279915841,0.7272201279915841,0.0,109,0.6794093371604465,0.6794093371604465,0.0,104,0.6809738671954761,0.6809738671954761,0.0,104,0.7272201279915841,0.7272201279915841,0.0,109
840.0739350318909,0.0,0.5463528633117676,0.0,relu,0.001,200,"(128, 64, 32)",constant,0.001,400,adam,"{'activation': 'relu', 'alpha': 0.001, 'batch_size': 200, 'hidden_layer_sizes': (128, 64, 32), 'learning_rate': 'constant', 'learning_rate_init': 0.001, 'max_iter': 400, 'solver': 'adam'}",0.7664767248180941,0.7664767248180941,0.0,23,0.7192255653774849,0.7192255653774849,0.0,29,0.7215876229204528,0.7215876229204528,0.0,21,0.7664767248180941,0.7664767248180941,0.0,23
774.8217439651489,0.0,0.5053129196166992,0.0,relu,0.001,200,"(128, 64, 32)",constant,0.001,400,sgd,"{'activation': 'relu', 'alpha': 0.001, 'batch_size': 200, 'hidden_layer_sizes': (128, 64, 32), 'learning_rate': 'constant', 'learning_rate_init': 0.001, 'max_iter': 400, 'solver': 'sgd'}",0.7365126676602086,0.7365126676602086,0.0,91,0.6894948978755603,0.6894948978755603,0.0,89,0.6937824364354913,0.6937824364354913,0.0,88,0.7365126676602086,0.7365126676602086,0.0,91
814.9263710975647,0.0,0.4520907402038574,0.0,relu,0.001,200,"(128, 64, 32)",adaptive,0.001,400,adam,"{'activation': 'relu', 'alpha': 0.001, 'batch_size': 200, 'hidden_layer_sizes': (128, 64, 32), 'learning_rate': 'adaptive', 'learning_rate_init': 0.001, 'max_iter': 400, 'solver': 'adam'}",0.7664767248180941,0.7664767248180941,0.0,23,0.7192255653774849,0.7192255653774849,0.0,29,0.7215876229204528,0.7215876229204528,0.0,21,0.7664767248180941,0.7664767248180941,0.0,23
4282.339239835739,0.0,0.637718915939331,0.0,relu,0.001,200,"(128, 64, 32)",adaptive,0.001,400,sgd,"{'activation': 'relu', 'alpha': 0.001, 'batch_size': 200, 'hidden_layer_sizes': (128, 64, 32), 'learning_rate': 'adaptive', 'learning_rate_init': 0.001, 'max_iter': 400, 'solver': 'sgd'}",0.7516437275357237,0.7516437275357237,0.0,69,0.7048033992004508,0.7048033992004508,0.0,66,0.7046891875667978,0.7046891875667978,0.0,62,0.7516437275357237,0.7516437275357237,0.0,69
640.6563181877136,0.0,0.19929099082946777,0.0,relu,0.001,200,"(32, 16, 16, 8, 8, 4)",constant,0.001,400,adam,"{'activation': 'relu', 'alpha': 0.001, 'batch_size': 200, 'hidden_layer_sizes': (32, 16, 16, 8, 8, 4), 'learning_rate': 'constant', 'learning_rate_init': 0.001, 'max_iter': 400, 'solver': 'adam'}",0.7575962128517577,0.7575962128517577,0.0,55,0.7021886414912787,0.7021886414912787,0.0,69,0.6955337452428405,0.6955337452428405,0.0,83,0.7575962128517577,0.7575962128517577,0.0,55
225.36367511749268,0.0,0.20322680473327637,0.0,relu,0.001,200,"(32, 16, 16, 8, 8, 4)",constant,0.001,400,sgd,"{'activation': 'relu', 'alpha': 0.001, 'batch_size': 200, 'hidden_layer_sizes': (32, 16, 16, 8, 8, 4), 'learning_rate': 'constant', 'learning_rate_init': 0.001, 'max_iter': 400, 'solver': 'sgd'}",0.7184974138686772,0.7184974138686772,0.0,113,0.6645827854354934,0.6645827854354934,0.0,113,0.6647320128541043,0.6647320128541043,0.0,112,0.7184974138686772,0.7184974138686772,0.0,113
942.8196699619293,0.0,0.2908658981323242,0.0,relu,0.001,200,"(32, 16, 16, 8, 8, 4)",adaptive,0.001,400,adam,"{'activation': 'relu', 'alpha': 0.001, 'batch_size': 200, 'hidden_layer_sizes': (32, 16, 16, 8, 8, 4), 'learning_rate': 'adaptive', 'learning_rate_init': 0.001, 'max_iter': 400, 'solver': 'adam'}",0.7575962128517577,0.7575962128517577,0.0,55,0.7021886414912787,0.7021886414912787,0.0,69,0.6955337452428405,0.6955337452428405,0.0,83,0.7575962128517577,0.7575962128517577,0.0,55
3446.225457906723,0.0,0.23757219314575195,0.0,relu,0.001,200,"(32, 16, 16, 8, 8, 4)",adaptive,0.001,400,sgd,"{'activation': 'relu', 'alpha': 0.001, 'batch_size': 200, 'hidden_layer_sizes': (32, 16, 16, 8, 8, 4), 'learning_rate': 'adaptive', 'learning_rate_init': 0.001, 'max_iter': 400, 'solver': 'sgd'}",0.7308231787498904,0.7308231787498904,0.0,100,0.6758768299277209,0.6758768299277209,0.0,108,0.670140987141556,0.670140987141556,0.0,111,0.7308231787498904,0.7308231787498904,0.0,100
3300.68003988266,0.0,0.30611419677734375,0.0,relu,0.001,200,"(64, 32, 16, 8)",constant,0.001,400,adam,"{'activation': 'relu', 'alpha': 0.001, 'batch_size': 200, 'hidden_layer_sizes': (64, 32, 16, 8), 'learning_rate': 'constant', 'learning_rate_init': 0.001, 'max_iter': 400, 'solver': 'adam'}",0.7673884456912422,0.7673884456912422,0.0,15,0.7178071238569231,0.7178071238569231,0.0,35,0.7256194396675866,0.7256194396675866,0.0,7,0.7673884456912422,0.7673884456912422,0.0,15
3145.6165108680725,0.0,0.26749420166015625,0.0,relu,0.001,200,"(64, 32, 16, 8)",constant,0.001,400,sgd,"{'activation': 'relu', 'alpha': 0.001, 'batch_size': 200, 'hidden_layer_sizes': (64, 32, 16, 8), 'learning_rate': 'constant', 'learning_rate_init': 0.001, 'max_iter': 400, 'solver': 'sgd'}",0.7304988165161743,0.7304988165161743,0.0,101,0.6780779243816766,0.6780779243816766,0.0,107,0.6773147168741106,0.6773147168741106,0.0,107,0.7304988165161743,0.7304988165161743,0.0,101
3301.3397088050842,0.0,0.2749953269958496,0.0,relu,0.001,200,"(64, 32, 16, 8)",adaptive,0.001,400,adam,"{'activation': 'relu', 'alpha': 0.001, 'batch_size': 200, 'hidden_layer_sizes': (64, 32, 16, 8), 'learning_rate': 'adaptive', 'learning_rate_init': 0.001, 'max_iter': 400, 'solver': 'adam'}",0.7673884456912422,0.7673884456912422,0.0,15,0.7178071238569231,0.7178071238569231,0.0,35,0.7256194396675866,0.7256194396675866,0.0,7,0.7673884456912422,0.7673884456912422,0.0,15
3239.6454689502716,0.0,0.4647819995880127,0.0,relu,0.001,200,"(64, 32, 16, 8)",adaptive,0.001,400,sgd,"{'activation': 'relu', 'alpha': 0.001, 'batch_size': 200, 'hidden_layer_sizes': (64, 32, 16, 8), 'learning_rate': 'adaptive', 'learning_rate_init': 0.001, 'max_iter': 400, 'solver': 'sgd'}",0.7446217235031122,0.7446217235031122,0.0,79,0.6961128771222754,0.6961128771222754,0.0,77,0.696534855345789,0.696534855345789,0.0,79,0.7446217235031122,0.7446217235031122,0.0,79
2785.2409930229187,0.0,1.2003252506256104,0.0,relu,0.001,200,"(256, 128, 64)",constant,0.001,400,adam,"{'activation': 'relu', 'alpha': 0.001, 'batch_size': 200, 'hidden_layer_sizes': (256, 128, 64), 'learning_rate': 'constant', 'learning_rate_init': 0.001, 'max_iter': 400, 'solver': 'adam'}",0.7689751906723942,0.7689751906723942,0.0,11,0.7326905758707061,0.7326905758707061,0.0,1,0.725467374197957,0.725467374197957,0.0,9,0.7689751906723942,0.7689751906723942,0.0,11
1959.5398099422455,0.0,1.2564477920532227,0.0,relu,0.001,200,"(256, 128, 64)",constant,0.001,400,sgd,"{'activation': 'relu', 'alpha': 0.001, 'batch_size': 200, 'hidden_layer_sizes': (256, 128, 64), 'learning_rate': 'constant', 'learning_rate_init': 0.001, 'max_iter': 400, 'solver': 'sgd'}",0.7418514946962391,0.7418514946962391,0.0,81,0.6954855964914919,0.6954855964914919,0.0,80,0.7020634840338291,0.7020634840338291,0.0,67,0.7418514946962391,0.7418514946962391,0.0,81
2786.382264137268,0.0,1.372765064239502,0.0,relu,0.001,200,"(256, 128, 64)",adaptive,0.001,400,adam,"{'activation': 'relu', 'alpha': 0.001, 'batch_size': 200, 'hidden_layer_sizes': (256, 128, 64), 'learning_rate': 'adaptive', 'learning_rate_init': 0.001, 'max_iter': 400, 'solver': 'adam'}",0.7689751906723942,0.7689751906723942,0.0,11,0.7326905758707061,0.7326905758707061,0.0,1,0.725467374197957,0.725467374197957,0.0,9,0.7689751906723942,0.7689751906723942,0.0,11
4479.983803987503,0.0,1.629302978515625,0.0,relu,0.001,200,"(256, 128, 64)",adaptive,0.001,400,sgd,"{'activation': 'relu', 'alpha': 0.001, 'batch_size': 200, 'hidden_layer_sizes': (256, 128, 64), 'learning_rate': 'adaptive', 'learning_rate_init': 0.001, 'max_iter': 400, 'solver': 'sgd'}",0.7527833786271587,0.7527833786271587,0.0,67,0.7101932171924862,0.7101932171924862,0.0,53,0.7105137036445339,0.7105137036445339,0.0,53,0.7527833786271587,0.7527833786271587,0.0,67
355.3408498764038,0.0,0.23740506172180176,0.0,relu,0.01,128,"(64, 32)",constant,0.001,400,adam,"{'activation': 'relu', 'alpha': 0.01, 'batch_size': 128, 'hidden_layer_sizes': (64, 32), 'learning_rate': 'constant', 'learning_rate_init': 0.001, 'max_iter': 400, 'solver': 'adam'}",0.75474708512317,0.75474708512317,0.0,62,0.7149036571814804,0.7149036571814804,0.0,45,0.7094957222248954,0.7094957222248954,0.0,55,0.75474708512317,0.75474708512317,0.0,62
805.7703788280487,0.0,0.40821218490600586,0.0,relu,0.01,128,"(64, 32)",constant,0.001,400,sgd,"{'activation': 'relu', 'alpha': 0.01, 'batch_size': 128, 'hidden_layer_sizes': (64, 32), 'learning_rate': 'constant', 'learning_rate_init': 0.001, 'max_iter': 400, 'solver': 'sgd'}",0.7402910493556588,0.7402910493556588,0.0,83,0.6921439553033067,0.6921439553033067,0.0,85,0.6971586077838661,0.6971586077838661,0.0,75,0.7402910493556588,0.7402910493556588,0.0,83
340.6064381599426,0.0,0.26112890243530273,0.0,relu,0.01,128,"(64, 32)",adaptive,0.001,400,adam,"{'activation': 'relu', 'alpha': 0.01, 'batch_size': 128, 'hidden_layer_sizes': (64, 32), 'learning_rate': 'adaptive', 'learning_rate_init': 0.001, 'max_iter': 400, 'solver': 'adam'}",0.75474708512317,0.75474708512317,0.0,62,0.7149036571814804,0.7149036571814804,0.0,45,0.7094957222248954,0.7094957222248954,0.0,55,0.75474708512317,0.75474708512317,0.0,62
805.3524670600891,0.0,0.3770637512207031,0.0,relu,0.01,128,"(64, 32)",adaptive,0.001,400,sgd,"{'activation': 'relu', 'alpha': 0.01, 'batch_size': 128, 'hidden_layer_sizes': (64, 32), 'learning_rate': 'adaptive', 'learning_rate_init': 0.001, 'max_iter': 400, 'solver': 'sgd'}",0.7402910493556588,0.7402910493556588,0.0,83,0.6921439553033067,0.6921439553033067,0.0,85,0.6971586077838661,0.6971586077838661,0.0,75,0.7402910493556588,0.7402910493556588,0.0,83
738.5831990242004,0.0,0.9333207607269287,0.0,relu,0.01,128,"(128, 64, 32)",constant,0.001,400,adam,"{'activation': 'relu', 'alpha': 0.01, 'batch_size': 128, 'hidden_layer_sizes': (128, 64, 32), 'learning_rate': 'constant', 'learning_rate_init': 0.001, 'max_iter': 400, 'solver': 'adam'}",0.766967651442097,0.766967651442097,0.0,21,0.7239950464989118,0.7239950464989118,0.0,19,0.7190584996756327,0.7190584996756327,0.0,27,0.766967651442097,0.766967651442097,0.0,21
458.1507852077484,0.0,0.5258769989013672,0.0,relu,0.01,128,"(128, 64, 32)",constant,0.001,400,sgd,"{'activation': 'relu', 'alpha': 0.01, 'batch_size': 128, 'hidden_layer_sizes': (128, 64, 32), 'learning_rate': 'constant', 'learning_rate_init': 0.001, 'max_iter': 400, 'solver': 'sgd'}",0.7320154291224686,0.7320154291224686,0.0,99,0.6850241006314841,0.6850241006314841,0.0,96,0.6864913020609421,0.6864913020609421,0.0,96,0.7320154291224686,0.7320154291224686,0.0,99
748.42090010643,0.0,0.48102402687072754,0.0,relu,0.01,128,"(128, 64, 32)",adaptive,0.001,400,adam,"{'activation': 'relu', 'alpha': 0.01, 'batch_size': 128, 'hidden_layer_sizes': (128, 64, 32), 'learning_rate': 'adaptive', 'learning_rate_init': 0.001, 'max_iter': 400, 'solver': 'adam'}",0.766967651442097,0.766967651442097,0.0,21,0.7239950464989118,0.7239950464989118,0.0,19,0.7190584996756327,0.7190584996756327,0.0,27,0.766967651442097,0.766967651442097,0.0,21
1859.1347079277039,0.0,0.767996072769165,0.0,relu,0.01,128,"(128, 64, 32)",adaptive,0.001,400,sgd,"{'activation': 'relu', 'alpha': 0.01, 'batch_size': 128, 'hidden_layer_sizes': (128, 64, 32), 'learning_rate': 'adaptive', 'learning_rate_init': 0.001, 'max_iter': 400, 'solver': 'sgd'}",0.7418953274305251,0.7418953274305251,0.0,80,0.6981803032643653,0.6981803032643653,0.0,76,0.6965073197996927,0.6965073197996927,0.0,80,0.7418953274305251,0.7418953274305251,0.0,80
581.9682488441467,0.0,0.1926262378692627,0.0,relu,0.01,128,"(32, 16, 16, 8, 8, 4)",constant,0.001,400,adam,"{'activation': 'relu', 'alpha': 0.01, 'batch_size': 128, 'hidden_layer_sizes': (32, 16, 16, 8, 8, 4), 'learning_rate': 'constant', 'learning_rate_init': 0.001, 'max_iter': 400, 'solver': 'adam'}",0.7569825545717542,0.7569825545717542,0.0,57,0.7024797514408416,0.7024797514408416,0.0,67,0.7018487847069412,0.7018487847069412,0.0,70,0.7569825545717542,0.7569825545717542,0.0,57
358.0425159931183,0.0,0.19473028182983398,0.0,relu,0.01,128,"(32, 16, 16, 8, 8, 4)",constant,0.001,400,sgd,"{'activation': 'relu', 'alpha': 0.01, 'batch_size': 128, 'hidden_layer_sizes': (32, 16, 16, 8, 8, 4), 'learning_rate': 'constant', 'learning_rate_init': 0.001, 'max_iter': 400, 'solver': 'sgd'}",0.707767160515473,0.707767160515473,0.0,118,0.6497742146540881,0.6497742146540881,0.0,119,0.6283148462819715,0.6283148462819715,0.0,119,0.707767160515473,0.707767160515473,0.0,118
590.4551529884338,0.0,0.21619486808776855,0.0,relu,0.01,128,"(32, 16, 16, 8, 8, 4)",adaptive,0.001,400,adam,"{'activation': 'relu', 'alpha': 0.01, 'batch_size': 128, 'hidden_layer_sizes': (32, 16, 16, 8, 8, 4), 'learning_rate': 'adaptive', 'learning_rate_init': 0.001, 'max_iter': 400, 'solver': 'adam'}",0.7569825545717542,0.7569825545717542,0.0,57,0.7024797514408416,0.7024797514408416,0.0,67,0.7018487847069412,0.7018487847069412,0.0,70,0.7569825545717542,0.7569825545717542,0.0,57
1057.7073647975922,0.0,0.23599934577941895,0.0,relu,0.01,128,"(32, 16, 16, 8, 8, 4)",adaptive,0.001,400,sgd,"{'activation': 'relu', 'alpha': 0.01, 'batch_size': 128, 'hidden_layer_sizes': (32, 16, 16, 8, 8, 4), 'learning_rate': 'adaptive', 'learning_rate_init': 0.001, 'max_iter': 400, 'solver': 'sgd'}",0.6986499517839923,0.6986499517839923,0.0,120,0.6553498995189929,0.6553498995189929,0.0,118,0.6514206513043984,0.6514206513043984,0.0,116,0.6986499517839923,0.6986499517839923,0.0,120
458.0632529258728,0.0,0.2734029293060303,0.0,relu,0.01,128,"(64, 32, 16, 8)",constant,0.001,400,adam,"{'activation': 'relu', 'alpha': 0.01, 'batch_size': 128, 'hidden_layer_sizes': (64, 32, 16, 8), 'learning_rate': 'constant', 'learning_rate_init': 0.001, 'max_iter': 400, 'solver': 'adam'}",0.7658280003506619,0.7658280003506619,0.0,27,0.7211304526052903,0.7211304526052903,0.0,25,0.7234919660803601,0.7234919660803601,0.0,11,0.7658280003506619,0.7658280003506619,0.0,27
293.5238289833069,0.0,0.28453493118286133,0.0,relu,0.01,128,"(64, 32, 16, 8)",constant,0.001,400,sgd,"{'activation': 'relu', 'alpha': 0.01, 'batch_size': 128, 'hidden_layer_sizes': (64, 32, 16, 8), 'learning_rate': 'constant', 'learning_rate_init': 0.001, 'max_iter': 400, 'solver': 'sgd'}",0.7292013675813097,0.7292013675813097,0.0,103,0.6784688855532539,0.6784688855532539,0.0,106,0.6847683876393968,0.6847683876393968,0.0,97,0.7292013675813097,0.7292013675813097,0.0,103
466.65498900413513,0.0,0.32913994789123535,0.0,relu,0.01,128,"(64, 32, 16, 8)",adaptive,0.001,400,adam,"{'activation': 'relu', 'alpha': 0.01, 'batch_size': 128, 'hidden_layer_sizes': (64, 32, 16, 8), 'learning_rate': 'adaptive', 'learning_rate_init': 0.001, 'max_iter': 400, 'solver': 'adam'}",0.7658280003506619,0.7658280003506619,0.0,27,0.7211304526052903,0.7211304526052903,0.0,25,0.7234919660803601,0.7234919660803601,0.0,11,0.7658280003506619,0.7658280003506619,0.0,27
1115.4950368404388,0.0,0.3049290180206299,0.0,relu,0.01,128,"(64, 32, 16, 8)",adaptive,0.001,400,sgd,"{'activation': 'relu', 'alpha': 0.01, 'batch_size': 128, 'hidden_layer_sizes': (64, 32, 16, 8), 'learning_rate': 'adaptive', 'learning_rate_init': 0.001, 'max_iter': 400, 'solver': 'sgd'}",0.7486718681511353,0.7486718681511353,0.0,74,0.6986250049103706,0.6986250049103706,0.0,75,0.7095848724407213,0.7095848724407213,0.0,54,0.7486718681511353,0.7486718681511353,0.0,74
2229.0309817790985,0.0,1.3575470447540283,0.0,relu,0.01,128,"(256, 128, 64)",constant,0.001,400,adam,"{'activation': 'relu', 'alpha': 0.01, 'batch_size': 128, 'hidden_layer_sizes': (256, 128, 64), 'learning_rate': 'constant', 'learning_rate_init': 0.001, 'max_iter': 400, 'solver': 'adam'}",0.7660822302095205,0.7660822302095205,0.0,25,0.7234664695383166,0.7234664695383166,0.0,21,0.720214866757724,0.720214866757724,0.0,23,0.7660822302095205,0.7660822302095205,0.0,25
1751.1193599700928,0.0,1.13844895362854,0.0,relu,0.01,128,"(256, 128, 64)",constant,0.001,400,sgd,"{'activation': 'relu', 'alpha': 0.01, 'batch_size': 128, 'hidden_layer_sizes': (256, 128, 64), 'learning_rate': 'constant', 'learning_rate_init': 0.001, 'max_iter': 400, 'solver': 'sgd'}",0.7413255018848076,0.7413255018848076,0.0,82,0.6987159003397194,0.6987159003397194,0.0,74,0.6974865778427961,0.6974865778427961,0.0,74,0.7413255018848076,0.7413255018848076,0.0,82
2238.9715292453766,0.0,1.2528860569000244,0.0,relu,0.01,128,"(256, 128, 64)",adaptive,0.001,400,adam,"{'activation': 'relu', 'alpha': 0.01, 'batch_size': 128, 'hidden_layer_sizes': (256, 128, 64), 'learning_rate': 'adaptive', 'learning_rate_init': 0.001, 'max_iter': 400, 'solver': 'adam'}",0.7660822302095205,0.7660822302095205,0.0,25,0.7234664695383166,0.7234664695383166,0.0,21,0.720214866757724,0.720214866757724,0.0,23,0.7660822302095205,0.7660822302095205,0.0,25
4188.220711946487,0.0,0.9242689609527588,0.0,relu,0.01,128,"(256, 128, 64)",adaptive,0.001,400,sgd,"{'activation': 'relu', 'alpha': 0.01, 'batch_size': 128, 'hidden_layer_sizes': (256, 128, 64), 'learning_rate': 'adaptive', 'learning_rate_init': 0.001, 'max_iter': 400, 'solver': 'sgd'}",0.7567546243534672,0.7567546243534672,0.0,60,0.7137751533203107,0.7137751533203107,0.0,47,0.7129573079504526,0.7129573079504526,0.0,43,0.7567546243534672,0.7567546243534672,0.0,60
312.10957384109497,0.0,0.2658679485321045,0.0,relu,0.01,200,"(64, 32)",constant,0.001,400,adam,"{'activation': 'relu', 'alpha': 0.01, 'batch_size': 200, 'hidden_layer_sizes': (64, 32), 'learning_rate': 'constant', 'learning_rate_init': 0.001, 'max_iter': 400, 'solver': 'adam'}",0.758972560708337,0.758972560708337,0.0,44,0.711674805514664,0.711674805514664,0.0,51,0.7133332010767311,0.7133332010767311,0.0,41,0.758972560708337,0.758972560708337,0.0,44
653.4116270542145,0.0,0.34467101097106934,0.0,relu,0.01,200,"(64, 32)",constant,0.001,400,sgd,"{'activation': 'relu', 'alpha': 0.01, 'batch_size': 200, 'hidden_layer_sizes': (64, 32), 'learning_rate': 'constant', 'learning_rate_init': 0.001, 'max_iter': 400, 'solver': 'sgd'}",0.7297010607521697,0.7297010607521697,0.0,102,0.6820021238071213,0.6820021238071213,0.0,102,0.6793777227637571,0.6793777227637571,0.0,106,0.7297010607521697,0.7297010607521697,0.0,102
311.8154318332672,0.0,0.23807096481323242,0.0,relu,0.01,200,"(64, 32)",adaptive,0.001,400,adam,"{'activation': 'relu', 'alpha': 0.01, 'batch_size': 200, 'hidden_layer_sizes': (64, 32), 'learning_rate': 'adaptive', 'learning_rate_init': 0.001, 'max_iter': 400, 'solver': 'adam'}",0.758972560708337,0.758972560708337,0.0,44,0.711674805514664,0.711674805514664,0.0,51,0.7133332010767311,0.7133332010767311,0.0,41,0.758972560708337,0.758972560708337,0.0,44
701.895131111145,0.0,0.2526240348815918,0.0,relu,0.01,200,"(64, 32)",adaptive,0.001,400,sgd,"{'activation': 'relu', 'alpha': 0.01, 'batch_size': 200, 'hidden_layer_sizes': (64, 32), 'learning_rate': 'adaptive', 'learning_rate_init': 0.001, 'max_iter': 400, 'solver': 'sgd'}",0.7401946173402297,0.7401946173402297,0.0,85,0.6947300413219099,0.6947300413219099,0.0,81,0.6969467215670441,0.6969467215670441,0.0,77,0.7401946173402297,0.7401946173402297,0.0,85
1043.845449924469,0.0,0.5445001125335693,0.0,relu,0.01,200,"(128, 64, 32)",constant,0.001,400,adam,"{'activation': 'relu', 'alpha': 0.01, 'batch_size': 200, 'hidden_layer_sizes': (128, 64, 32), 'learning_rate': 'constant', 'learning_rate_init': 0.001, 'max_iter': 400, 'solver': 'adam'}",0.7695713158586832,0.7695713158586832,0.0,9,0.7279978654188105,0.7279978654188105,0.0,7,0.7234750070025621,0.7234750070025621,0.0,13,0.7695713158586832,0.7695713158586832,0.0,9
714.652590751648,0.0,0.49405789375305176,0.0,relu,0.01,200,"(128, 64, 32)",constant,0.001,400,sgd,"{'activation': 'relu', 'alpha': 0.01, 'batch_size': 200, 'hidden_layer_sizes': (128, 64, 32), 'learning_rate': 'constant', 'learning_rate_init': 0.001, 'max_iter': 400, 'solver': 'sgd'}",0.7397212238099413,0.7397212238099413,0.0,86,0.693818347720926,0.693818347720926,0.0,82,0.6917698191996169,0.6917698191996169,0.0,89,0.7397212238099413,0.7397212238099413,0.0,86
1045.9954960346222,0.0,0.4574458599090576,0.0,relu,0.01,200,"(128, 64, 32)",adaptive,0.001,400,adam,"{'activation': 'relu', 'alpha': 0.01, 'batch_size': 200, 'hidden_layer_sizes': (128, 64, 32), 'learning_rate': 'adaptive', 'learning_rate_init': 0.001, 'max_iter': 400, 'solver': 'adam'}",0.7695713158586832,0.7695713158586832,0.0,9,0.7279978654188105,0.7279978654188105,0.0,7,0.7234750070025621,0.7234750070025621,0.0,13,0.7695713158586832,0.7695713158586832,0.0,9
1604.3182311058044,0.0,0.3937408924102783,0.0,relu,0.01,200,"(128, 64, 32)",adaptive,0.001,400,sgd,"{'activation': 'relu', 'alpha': 0.01, 'batch_size': 200, 'hidden_layer_sizes': (128, 64, 32), 'learning_rate': 'adaptive', 'learning_rate_init': 0.001, 'max_iter': 400, 'solver': 'sgd'}",0.7538002980625932,0.7538002980625932,0.0,66,0.7076052173019467,0.7076052173019467,0.0,62,0.7071643376789081,0.7071643376789081,0.0,59,0.7538002980625932,0.7538002980625932,0.0,66
487.28956604003906,0.0,0.25084996223449707,0.0,relu,0.01,200,"(32, 16, 16, 8, 8, 4)",constant,0.001,400,adam,"{'activation': 'relu', 'alpha': 0.01, 'batch_size': 200, 'hidden_layer_sizes': (32, 16, 16, 8, 8, 4), 'learning_rate': 'constant', 'learning_rate_init': 0.001, 'max_iter': 400, 'solver': 'adam'}",0.7595686858946261,0.7595686858946261,0.0,42,0.709812719539791,0.709812719539791,0.0,54,0.703096114357633,0.703096114357633,0.0,65,0.7595686858946261,0.7595686858946261,0.0,42
306.4442000389099,0.0,0.188201904296875,0.0,relu,0.01,200,"(32, 16, 16, 8, 8, 4)",constant,0.001,400,sgd,"{'activation': 'relu', 'alpha': 0.01, 'batch_size': 200, 'hidden_layer_sizes': (32, 16, 16, 8, 8, 4), 'learning_rate': 'constant', 'learning_rate_init': 0.001, 'max_iter': 400, 'solver': 'sgd'}",0.7166126062943806,0.7166126062943806,0.0,114,0.6647990260845321,0.6647990260845321,0.0,112,0.6644949712447121,0.6644949712447121,0.0,113,0.7166126062943806,0.7166126062943806,0.0,114
485.20623302459717,0.0,0.1916182041168213,0.0,relu,0.01,200,"(32, 16, 16, 8, 8, 4)",adaptive,0.001,400,adam,"{'activation': 'relu', 'alpha': 0.01, 'batch_size': 200, 'hidden_layer_sizes': (32, 16, 16, 8, 8, 4), 'learning_rate': 'adaptive', 'learning_rate_init': 0.001, 'max_iter': 400, 'solver': 'adam'}",0.7595686858946261,0.7595686858946261,0.0,42,0.709812719539791,0.709812719539791,0.0,54,0.703096114357633,0.703096114357633,0.0,65,0.7595686858946261,0.7595686858946261,0.0,42
764.5703699588776,0.0,0.19756698608398438,0.0,relu,0.01,200,"(32, 16, 16, 8, 8, 4)",adaptive,0.001,400,sgd,"{'activation': 'relu', 'alpha': 0.01, 'batch_size': 200, 'hidden_layer_sizes': (32, 16, 16, 8, 8, 4), 'learning_rate': 'adaptive', 'learning_rate_init': 0.001, 'max_iter': 400, 'solver': 'sgd'}",0.7365302007539231,0.7365302007539231,0.0,90,0.6838788943996812,0.6838788943996812,0.0,99,0.6838998951400796,0.6838998951400796,0.0,98,0.7365302007539231,0.7365302007539231,0.0,90
482.42544889450073,0.0,0.288348913192749,0.0,relu,0.01,200,"(64, 32, 16, 8)",constant,0.001,400,adam,"{'activation': 'relu', 'alpha': 0.01, 'batch_size': 200, 'hidden_layer_sizes': (64, 32, 16, 8), 'learning_rate': 'constant', 'learning_rate_init': 0.001, 'max_iter': 400, 'solver': 'adam'}",0.7645919172437977,0.7645919172437977,0.0,33,0.7225393111620512,0.7225393111620512,0.0,23,0.7185416751327555,0.7185416751327555,0.0,29,0.7645919172437977,0.7645919172437977,0.0,33
243.68280816078186,0.0,0.2822749614715576,0.0,relu,0.01,200,"(64, 32, 16, 8)",constant,0.001,400,sgd,"{'activation': 'relu', 'alpha': 0.01, 'batch_size': 200, 'hidden_layer_sizes': (64, 32, 16, 8), 'learning_rate': 'constant', 'learning_rate_init': 0.001, 'max_iter': 400, 'solver': 'sgd'}",0.7254317524327167,0.7254317524327167,0.0,111,0.6696257441249239,0.6696257441249239,0.0,111,0.6722881921064748,0.6722881921064748,0.0,109,0.7254317524327167,0.7254317524327167,0.0,111
483.22611808776855,0.0,0.2844400405883789,0.0,relu,0.01,200,"(64, 32, 16, 8)",adaptive,0.001,400,adam,"{'activation': 'relu', 'alpha': 0.01, 'batch_size': 200, 'hidden_layer_sizes': (64, 32, 16, 8), 'learning_rate': 'adaptive', 'learning_rate_init': 0.001, 'max_iter': 400, 'solver': 'adam'}",0.7645919172437977,0.7645919172437977,0.0,33,0.7225393111620512,0.7225393111620512,0.0,23,0.7185416751327555,0.7185416751327555,0.0,29,0.7645919172437977,0.7645919172437977,0.0,33
802.9713339805603,0.0,0.2371537685394287,0.0,relu,0.01,200,"(64, 32, 16, 8)",adaptive,0.001,400,sgd,"{'activation': 'relu', 'alpha': 0.01, 'batch_size': 200, 'hidden_layer_sizes': (64, 32, 16, 8), 'learning_rate': 'adaptive', 'learning_rate_init': 0.001, 'max_iter': 400, 'solver': 'sgd'}",0.7455071447356886,0.7455071447356886,0.0,77,0.690624233431988,0.690624233431988,0.0,88,0.7034111582189676,0.7034111582189676,0.0,64,0.7455071447356886,0.7455071447356886,0.0,77
1499.496088027954,0.0,0.9027519226074219,0.0,relu,0.01,200,"(256, 128, 64)",constant,0.001,400,adam,"{'activation': 'relu', 'alpha': 0.01, 'batch_size': 200, 'hidden_layer_sizes': (256, 128, 64), 'learning_rate': 'constant', 'learning_rate_init': 0.001, 'max_iter': 400, 'solver': 'adam'}",0.7734899623038485,0.7734899623038485,0.0,1,0.7282179039274131,0.7282179039274131,0.0,3,0.7286342488646991,0.7286342488646991,0.0,1,0.7734899623038485,0.7734899623038485,0.0,1
1138.6171929836273,0.0,0.9018197059631348,0.0,relu,0.01,200,"(256, 128, 64)",constant,0.001,400,sgd,"{'activation': 'relu', 'alpha': 0.01, 'batch_size': 200, 'hidden_layer_sizes': (256, 128, 64), 'learning_rate': 'constant', 'learning_rate_init': 0.001, 'max_iter': 400, 'solver': 'sgd'}",0.7345489611641974,0.7345489611641974,0.0,94,0.6877160166205274,0.6877160166205274,0.0,94,0.6950927468886885,0.6950927468886885,0.0,86,0.7345489611641974,0.7345489611641974,0.0,94
1438.5853850841522,0.0,0.9017410278320312,0.0,relu,0.01,200,"(256, 128, 64)",adaptive,0.001,400,adam,"{'activation': 'relu', 'alpha': 0.01, 'batch_size': 200, 'hidden_layer_sizes': (256, 128, 64), 'learning_rate': 'adaptive', 'learning_rate_init': 0.001, 'max_iter': 400, 'solver': 'adam'}",0.7734899623038485,0.7734899623038485,0.0,1,0.7282179039274131,0.7282179039274131,0.0,3,0.7286342488646991,0.7286342488646991,0.0,1,0.7734899623038485,0.7734899623038485,0.0,1
3386.1953060626984,0.0,0.8903050422668457,0.0,relu,0.01,200,"(256, 128, 64)",adaptive,0.001,400,sgd,"{'activation': 'relu', 'alpha': 0.01, 'batch_size': 200, 'hidden_layer_sizes': (256, 128, 64), 'learning_rate': 'adaptive', 'learning_rate_init': 0.001, 'max_iter': 400, 'solver': 'sgd'}",0.7569036556500395,0.7569036556500395,0.0,59,0.712768978114203,0.712768978114203,0.0,50,0.7105479393875122,0.7105479393875122,0.0,52,0.7569036556500395,0.7569036556500395,0.0,59
